{"cameraMode":{"drawMode":0,"name":"Shaded","section":"Shading Mode"},"sceneLighting":true,"audioPlay":false,"sceneViewState":{"m_AlwaysRefresh":false,"showFog":true,"showSkybox":true,"showFlares":true,"showImageEffects":true,"showParticleSystems":true,"showVisualEffectGraphs":true,"m_FxEnabled":true},"in2DMode":false,"pivot":{"x":2.7646257877349855,"y":3.8771255016326906,"z":-4.850667476654053},"rotation":{"x":-0.016141576692461969,"y":0.20695994794368745,"z":0.003413390601053834,"w":0.9781845211982727},"size":1.299038052558899,"orthographic":false}