{"cameraMode":{"drawMode":0,"name":"Shaded","section":"Shading Mode"},"sceneLighting":false,"audioPlay":false,"sceneViewState":{"m_AlwaysRefresh":false,"showFog":true,"showSkybox":false,"showFlares":true,"showImageEffects":true,"showParticleSystems":true,"showVisualEffectGraphs":true,"m_FxEnabled":true},"in2DMode":false,"pivot":{"x":-7.941396713256836,"y":-0.6573618650436401,"z":-1.5133790969848633},"rotation":{"x":-0.16573840379714967,"y":-0.002384902210906148,"z":0.0003325349825900048,"w":-0.9862130880355835},"size":0.6175082325935364,"orthographic":false}